{
  "tables": [
    { "name": "sales", "columns": ["id", "amount"], "foreign_keys": [] }
  ],
  "tokenized_corpus": [["sales", "id", "amount"]],
  "idf": {
    "sales": -0.2746530721670274,
    "id": -0.2746530721670274,
    "amount": -0.2746530721670274
  },
  "doc_len": [3],
  "avgdl": 3.0,
  "table_embeddings": [
    [
      -0.0661168098449707, 0.09999226778745651, -0.05042530596256256,
      -0.03259351849555969, -0.11727124452590942, 0.04309806227684021,
      0.048150647431612015, 0.024446753785014153, 0.09301309287548065,
      -0.08238888531923294, -0.038065552711486816, -0.015897972509264946,
      0.02400657720863819, -0.07121340185403824, -0.05612891912460327,
      -0.010766539722681046, -0.021700050681829453, 0.019514737650752068,
      -0.0761522650718689, -0.007093854248523712, 0.011857520788908005,
      0.06984312832355499, -0.08021418750286102, 0.004388080909848213,
      0.014408512972295284, -0.035748567432165146, 0.031502559781074524,
      -0.001043974538333714, 0.029162118211388588, -0.006917677354067564,
      0.008107363246381283, 0.05510278418660164, 0.045967865735292435,
      -0.07776612043380737, 0.062454842031002045, -0.14053399860858917,
      0.036617014557123184, 0.010415199212729931, 0.0388982780277729,
      0.03908500447869301, 0.05052758380770683, -0.009779832325875759,
      -0.09044982492923737, 0.026610031723976135, 0.01143453549593687,
      0.024273570626974106, -0.05480770766735077, 0.16944310069084167,
      0.06426022946834564, 0.14079098403453827, 0.022383827716112137,
      0.08211569488048553, 0.008213593624532223, 0.08060489594936371,
      0.016730165109038353, -0.020715324208140373, 0.0417679101228714,
      -0.02075638808310032, -0.00817717332392931, 0.04847312718629837,
      0.029217036440968513, -0.020616823807358742, 0.0986061543226242,
      -0.03734443709254265, 0.006729288958013058, -0.026768844574689865,
      -0.0738668367266655, -0.0661231279373169, -0.11080549657344818,
      -0.031771622598171234, 0.013991458341479301, 0.0403427854180336,
      -0.015627991408109665, -0.02025481127202511, -0.02624046429991722,
      -0.029716581106185913, -0.04184949770569801, -0.027478009462356567,
      -0.015168216079473495, 0.021279122680425644, 0.003603715915232897,
      0.01822626031935215, -0.12366600334644318, 0.022215120494365692,
      0.02376912161707878, -0.007177066057920456, 0.0667150467634201,
      0.06881562620401382, 0.018152430653572083, 0.08127344399690628,
      0.0428224541246891, 0.006678662728518248, -0.02424386888742447,
      -0.0910331979393959, -0.009019958786666393, -0.03088918887078762,
      0.033340390771627426, 0.04038311168551445, 0.06437776982784271,
      0.04160841926932335, -0.026244590058922768, 0.062419988214969635,
      0.027750523760914803, -0.0670664981007576, -0.06685514003038406,
      -0.00827755406498909, 0.0017306519439443946, 0.06859514117240906,
      -0.01256715040653944, -0.013456374406814575, -0.06173541024327278,
      -0.04888179898262024, -0.036558449268341064, 0.039231929928064346,
      0.05326865613460541, 0.0033308316487818956, 0.009185911156237125,
      0.042213212698698044, 0.02857523411512375, -0.06372158229351044,
      0.06751920282840729, 0.06331447511911392, -0.029543280601501465,
      0.03725350648164749, -0.08331099897623062, -0.0033988102804869413,
      -0.007931032218039036, -2.06635321383952e-33, 0.0029680312145501375,
      0.0021273670718073845, -0.016862310469150543, -0.06528997421264648,
      -0.006603173445910215, 0.002610658761113882, 0.01699736900627613,
      -0.008674930781126022, -0.023295952007174492, 0.1222672387957573,
      -0.08156256377696991, 0.0518612302839756, -0.00314680440351367,
      -0.013555243611335754, 0.040994878858327866, 0.08055634051561356,
      0.02122683636844158, 0.07218262553215027, 0.047772567719221115,
      -0.05431019514799118, -0.0380515418946743, -0.07628923654556274,
      -0.01208900474011898, 0.0581839494407177, 0.015441696159541607,
      0.1051940843462944, -0.01479046419262886, 0.07921402901411057,
      0.08245741575956345, -0.044010985642671585, 0.039350103586912155,
      -0.013819851912558079, 0.04177883639931679, -0.03854412958025932,
      -0.02420875057578087, -0.006923101842403412, 0.038467101752758026,
      -0.05628669261932373, 0.07569104433059692, -0.05022250860929489,
      -0.06547703593969345, 0.07468953728675842, 0.021846013143658638,
      0.05691308528184891, -0.11394466459751129, 0.06329559534788132,
      0.0702914223074913, -0.01702505350112915, 0.011001257225871086,
      0.05979958176612854, -0.04991297051310539, 0.003425350645557046,
      -0.007225743494927883, 0.0218335073441267, -0.06856492161750793,
      -0.140580952167511, -0.004017763305455446, -0.038591042160987854,
      -0.03049781359732151, -0.03140184283256531, -0.05062616989016533,
      0.008696364238858223, 0.015178311616182327, 0.03885039687156677,
      -0.046104252338409424, 0.009947854094207287, 0.04312645643949509,
      -0.06135983392596245, -0.0005601698067039251, -0.03999774158000946,
      -0.01235763356089592, -0.02515169233083725, 0.0029432105366140604,
      0.022592399269342422, -0.003778406186029315, -0.06427334994077682,
      0.11388438194990158, 0.03247610852122307, 0.033977754414081573,
      0.05692482367157936, -0.046784043312072754, 0.013388684019446373,
      0.01923837885260582, 0.022691702470183372, 0.06687940657138824,
      0.12749998271465302, 0.005595541559159756, 0.09235631674528122,
      -0.009086616337299347, -0.01445607841014862, 0.009459356777369976,
      -0.004377215635031462, -0.04134074226021767, 0.03132906183600426,
      -0.038681648671627045, 7.3615508207688455e-34, -0.10528063029050827,
      0.008945466950535774, -0.0785493403673172, 0.00905588734894991,
      -0.031139938160777092, 0.04181363061070442, 0.0023477240465581417,
      0.007774378638714552, -0.0035160600673407316, -0.01659349724650383,
      0.03000771440565586, -0.02838343009352684, 0.006529275327920914,
      0.027823273092508316, 0.09189847856760025, -0.03566731512546539,
      0.038298409432172775, 0.027967654168605804, 0.05425388738512993,
      0.011205239221453667, 0.028796080499887466, 0.08866429328918457,
      0.07829667627811432, 0.00993170216679573, -0.06301385909318924,
      0.02280883491039276, -0.018567049875855446, 0.031032277271151543,
      -0.04964875802397728, -0.012454284355044365, 0.0644172877073288,
      -0.13487060368061066, -0.012251476757228374, 0.03620719164609909,
      -0.0601889044046402, -0.05869231000542641, 0.0611429363489151,
      -0.025886323302984238, 0.052586548030376434, 0.060605671256780624,
      0.02263025939464569, 0.02917216718196869, 0.03494439274072647,
      0.10667195916175842, -0.023147590458393097, -0.06648514419794083,
      0.09298840910196304, 0.013059111312031746, 0.05360684543848038,
      -0.030746998265385628, -0.06266967207193375, 0.04941602423787117,
      -0.008607889525592327, 0.009333274327218533, -0.04682936891913414,
      0.06761984527111053, 0.0075173452496528625, 0.024696897715330124,
      -0.01444617286324501, -0.022495366632938385, 0.028867708519101143,
      0.0844557136297226, -0.05003226175904274, 0.002185078104957938,
      -0.0028967231046408415, -0.03924482315778732, 0.05987571179866791,
      -0.054854024201631546, 0.039720501750707626, -0.008214329369366169,
      -0.0024282883387058973, -0.04278121516108513, 0.0832328349351883,
      0.0012070026714354753, -0.05348692461848259, -0.03079967200756073,
      -0.03205246105790138, 0.03196250647306442, 0.06113416329026222,
      0.019263138994574547, 0.0017289300449192524, 0.07406771183013916,
      0.04167428985238075, -0.04194638505578041, -0.04425876960158348,
      -0.05975410342216492, 0.05184295400977135, 0.010357375256717205,
      -0.046976782381534576, 0.05435160547494888, -0.08332932740449905,
      0.02091696485877037, -0.08086017519235611, -0.08388669788837433,
      -0.0757797434926033, -1.2644775004844178e-8, 0.058523401618003845,
